timestamp,message
1618840927186,"{ ""time"":""2021-04-19T14:02:02.397Z"", ""process"":""1447"", ""filename"":""/var/www/html/DVWA/vulnerabilities/brute/index.php"", ""remoteIP"":""91.195.99.178"", ""host"":""ec2-18-116-12-178.us-east-2.compute.amazonaws.com"", ""request"":""/vulnerabilities/brute/index.php"", ""query"":"""",""method"":""GET"", ""status"":""200"", ""userAgent"":""Mozilla/5.0 (X11; Linux x86_64) AppleWebKit/537.36 (KHTML, like Gecko) Chrome/90.0.4430.72 Safari/537.36"",""referer"":""http://ec2-18-116-12-178.us-east-2.compute.amazonaws.com/index.php""}"
1618840933186,"{ ""time"":""2021-04-19T14:02:08.494Z"", ""process"":""1890"", ""filename"":""/var/www/html/DVWA/vulnerabilities/brute/index.php"", ""remoteIP"":""91.195.99.178"", ""host"":""ec2-18-116-12-178.us-east-2.compute.amazonaws.com"", ""request"":""/vulnerabilities/brute/index.php"", ""query"":""?username=admin&password=12345&Login=Login"",""method"":""GET"", ""status"":""200"", ""userAgent"":""Mozilla/5.0 (X11; Linux x86_64) AppleWebKit/537.36 (KHTML, like Gecko) Chrome/90.0.4430.72 Safari/537.36"",""referer"":""http://ec2-18-116-12-178.us-east-2.compute.amazonaws.com/vulnerabilities/brute/""}"
1618840937182,"{ ""time"":""2021-04-19T14:02:14.309Z"", ""process"":""4635"", ""filename"":""/var/www/html/DVWA/vulnerabilities/exec/index.php"", ""remoteIP"":""91.195.99.178"", ""host"":""ec2-18-116-12-178.us-east-2.compute.amazonaws.com"", ""request"":""/vulnerabilities/exec/index.php"", ""query"":"""",""method"":""GET"", ""status"":""200"", ""userAgent"":""Mozilla/5.0 (X11; Linux x86_64) AppleWebKit/537.36 (KHTML, like Gecko) Chrome/90.0.4430.72 Safari/537.36"",""referer"":""http://ec2-18-116-12-178.us-east-2.compute.amazonaws.com/vulnerabilities/brute/?username=admin&password=12345&Login=Login""}"
1618840941186,"{ ""time"":""2021-04-19T14:02:17.000Z"", ""process"":""6875"", ""filename"":""/var/www/html/DVWA/vulnerabilities/sqli/index.php"", ""remoteIP"":""91.195.99.178"", ""host"":""ec2-18-116-12-178.us-east-2.compute.amazonaws.com"", ""request"":""/vulnerabilities/sqli/index.php"", ""query"":"""",""method"":""GET"", ""status"":""200"", ""userAgent"":""Mozilla/5.0 (X11; Linux x86_64) AppleWebKit/537.36 (KHTML, like Gecko) Chrome/90.0.4430.72 Safari/537.36"",""referer"":""http://ec2-18-116-12-178.us-east-2.compute.amazonaws.com/vulnerabilities/exec/""}"
1618840981186,"{ ""time"":""2021-04-19T14:02:56.262Z"", ""process"":""2022"", ""filename"":""/var/www/html/DVWA/vulnerabilities/sqli/index.php"", ""remoteIP"":""91.195.99.178"", ""host"":""ec2-18-116-12-178.us-east-2.compute.amazonaws.com"", ""request"":""/vulnerabilities/sqli/index.php"", ""query"":""?id=1&Submit=Submit"",""method"":""GET"", ""status"":""200"", ""userAgent"":""Mozilla/5.0 (X11; Linux x86_64) AppleWebKit/537.36 (KHTML, like Gecko) Chrome/90.0.4430.72 Safari/537.36"",""referer"":""http://ec2-18-116-12-178.us-east-2.compute.amazonaws.com/vulnerabilities/sqli/""}"
1618841000186,"{ ""time"":""2021-04-19T14:03:15.408Z"", ""process"":""2855"", ""filename"":""/var/www/html/DVWA/vulnerabilities/sqli/index.php"", ""remoteIP"":""91.195.99.178"", ""host"":""ec2-18-116-12-178.us-east-2.compute.amazonaws.com"", ""request"":""/vulnerabilities/sqli/index.php"", ""query"":""?id=1%27&Submit=Submit"",""method"":""GET"", ""status"":""200"", ""userAgent"":""Mozilla/5.0 (X11; Linux x86_64) AppleWebKit/537.36 (KHTML, like Gecko) Chrome/90.0.4430.72 Safari/537.36"",""referer"":""http://ec2-18-116-12-178.us-east-2.compute.amazonaws.com/vulnerabilities/sqli/?id=1&Submit=Submit""}"
1618841027186,"{ ""time"":""2021-04-19T14:03:42.982Z"", ""process"":""1756"", ""filename"":""/var/www/html/DVWA/vulnerabilities/sqli/index.php"", ""remoteIP"":""91.195.99.178"", ""host"":""ec2-18-116-12-178.us-east-2.compute.amazonaws.com"", ""request"":""/vulnerabilities/sqli/index.php"", ""query"":""?id=1%27+order+by+1+%23&Submit=Submit"",""method"":""GET"", ""status"":""200"", ""userAgent"":""Mozilla/5.0 (X11; Linux x86_64) AppleWebKit/537.36 (KHTML, like Gecko) Chrome/90.0.4430.72 Safari/537.36"",""referer"":""http://ec2-18-116-12-178.us-east-2.compute.amazonaws.com/vulnerabilities/sqli/?id=1&Submit=Submit""}"
1618841061186,"{ ""time"":""2021-04-19T14:04:16.145Z"", ""process"":""1873"", ""filename"":""/var/www/html/DVWA/vulnerabilities/sqli/index.php"", ""remoteIP"":""91.195.99.178"", ""host"":""ec2-18-116-12-178.us-east-2.compute.amazonaws.com"", ""request"":""/vulnerabilities/sqli/index.php"", ""query"":""?id=1%27+union+select+1%2C2+%23&Submit=Submit"",""method"":""GET"", ""status"":""200"", ""userAgent"":""Mozilla/5.0 (X11; Linux x86_64) AppleWebKit/537.36 (KHTML, like Gecko) Chrome/90.0.4430.72 Safari/537.36"",""referer"":""http://ec2-18-116-12-178.us-east-2.compute.amazonaws.com/vulnerabilities/sqli/?id=1%27+order+by+1+%23&Submit=Submit""}"
1618841079186,"{ ""time"":""2021-04-19T14:04:34.625Z"", ""process"":""5417"", ""filename"":""/var/www/html/DVWA/vulnerabilities/sqli/index.php"", ""remoteIP"":""91.195.99.178"", ""host"":""ec2-18-116-12-178.us-east-2.compute.amazonaws.com"", ""request"":""/vulnerabilities/sqli/index.php"", ""query"":""?id=1%27+union+select+null%2Cdatabase%28%29+%23&Submit=Submit"",""method"":""GET"", ""status"":""200"", ""userAgent"":""Mozilla/5.0 (X11; Linux x86_64) AppleWebKit/537.36 (KHTML, like Gecko) Chrome/90.0.4430.72 Safari/537.36"",""referer"":""http://ec2-18-116-12-178.us-east-2.compute.amazonaws.com/vulnerabilities/sqli/?id=1%27+union+select+1%2C2+%23&Submit=Submit""}"
1618841094186,"{ ""time"":""2021-04-19T14:04:50.002Z"", ""process"":""1965"", ""filename"":""/var/www/html/DVWA/vulnerabilities/sqli/index.php"", ""remoteIP"":""91.195.99.178"", ""host"":""ec2-18-116-12-178.us-east-2.compute.amazonaws.com"", ""request"":""/vulnerabilities/sqli/index.php"", ""query"":""?id=1%27+union+select+null%2Cuser%28%29+%23&Submit=Submit"",""method"":""GET"", ""status"":""200"", ""userAgent"":""Mozilla/5.0 (X11; Linux x86_64) AppleWebKit/537.36 (KHTML, like Gecko) Chrome/90.0.4430.72 Safari/537.36"",""referer"":""http://ec2-18-116-12-178.us-east-2.compute.amazonaws.com/vulnerabilities/sqli/?id=1%27+union+select+null%2Cdatabase%28%29+%23&Submit=Submit""}"
1618841107186,"{ ""time"":""2021-04-19T14:05:02.987Z"", ""process"":""2617"", ""filename"":""/var/www/html/DVWA/vulnerabilities/sqli/index.php"", ""remoteIP"":""91.195.99.178"", ""host"":""ec2-18-116-12-178.us-east-2.compute.amazonaws.com"", ""request"":""/vulnerabilities/sqli/index.php"", ""query"":""?id=1%27+union+select+null%2Ctable_name+from+information_schema.tables+%23&Submit=Submit"",""method"":""GET"", ""status"":""200"", ""userAgent"":""Mozilla/5.0 (X11; Linux x86_64) AppleWebKit/537.36 (KHTML, like Gecko) Chrome/90.0.4430.72 Safari/537.36"",""referer"":""http://ec2-18-116-12-178.us-east-2.compute.amazonaws.com/vulnerabilities/sqli/?id=1%27+union+select+null%2Cuser%28%29+%23&Submit=Submit""}"
1618841128186,"{ ""time"":""2021-04-19T14:05:23.545Z"", ""process"":""2830"", ""filename"":""/var/www/html/DVWA/vulnerabilities/sqli/index.php"", ""remoteIP"":""91.195.99.178"", ""host"":""ec2-18-116-12-178.us-east-2.compute.amazonaws.com"", ""request"":""/vulnerabilities/sqli/index.php"", ""query"":""?id=1%27+union+select+null%2Ctable_name+from+information_schema.tables+where+table_name+like+%27user%25%27%23&Submit=Submit"",""method"":""GET"", ""status"":""200"", ""userAgent"":""Mozilla/5.0 (X11; Linux x86_64) AppleWebKit/537.36 (KHTML, like Gecko) Chrome/90.0.4430.72 Safari/537.36"",""referer"":""http://ec2-18-116-12-178.us-east-2.compute.amazonaws.com/vulnerabilities/sqli/?id=1%27+union+select+null%2Ctable_name+from+information_schema.tables+%23&Submit=Submit""}"
1618841142186,"{ ""time"":""2021-04-19T14:05:37.717Z"", ""process"":""2260"", ""filename"":""/var/www/html/DVWA/vulnerabilities/sqli/index.php"", ""remoteIP"":""91.195.99.178"", ""host"":""ec2-18-116-12-178.us-east-2.compute.amazonaws.com"", ""request"":""/vulnerabilities/sqli/index.php"", ""query"":""?id=1%27+union+select+null%2Cconcat%28table_name%2C0x0a%2Ccolumn_name%29+from+information_schema.columns+where+table_name%3D%27users%27+%23&Submit=Submit"",""method"":""GET"", ""status"":""200"", ""userAgent"":""Mozilla/5.0 (X11; Linux x86_64) AppleWebKit/537.36 (KHTML, like Gecko) Chrome/90.0.4430.72 Safari/537.36"",""referer"":""http://ec2-18-116-12-178.us-east-2.compute.amazonaws.com/vulnerabilities/sqli/?id=1%27+union+select+null%2Ctable_name+from+information_schema.tables+where+table_name+like+%27user%25%27%23&Submit=Submit""}"
1618841164186,"{ ""time"":""2021-04-19T14:05:59.493Z"", ""process"":""1955"", ""filename"":""/var/www/html/DVWA/vulnerabilities/sqli/index.php"", ""remoteIP"":""91.195.99.178"", ""host"":""ec2-18-116-12-178.us-east-2.compute.amazonaws.com"", ""request"":""/vulnerabilities/sqli/index.php"", ""query"":""?id=1%27+union+select+null%2C+concat%28user_id%2C0x0a%2Cfirst_name%2C0x0a%2Clast_name%2C0x0a%2Cuser%2C0x0a%2Cpassword%29+from+users+%23&Submit=Submit"",""method"":""GET"", ""status"":""200"", ""userAgent"":""Mozilla/5.0 (X11; Linux x86_64) AppleWebKit/537.36 (KHTML, like Gecko) Chrome/90.0.4430.72 Safari/537.36"",""referer"":""http://ec2-18-116-12-178.us-east-2.compute.amazonaws.com/vulnerabilities/sqli/?id=1%27+union+select+null%2Cconcat%28table_name%2C0x0a%2Ccolumn_name%29+from+information_schema.columns+where+table_name%3D%27users%27+%23&Submit=Submit""}"
1618841193186,"{ ""time"":""2021-04-19T14:06:28.509Z"", ""process"":""1739"", ""filename"":""/var/www/html/DVWA/vulnerabilities/sqli/index.php"", ""remoteIP"":""91.195.99.178"", ""host"":""ec2-18-116-12-178.us-east-2.compute.amazonaws.com"", ""request"":""/vulnerabilities/sqli/index.php"", ""query"":""?id=1%27+or+1%3D1+%23&Submit=Submit"",""method"":""GET"", ""status"":""200"", ""userAgent"":""Mozilla/5.0 (X11; Linux x86_64) AppleWebKit/537.36 (KHTML, like Gecko) Chrome/90.0.4430.72 Safari/537.36"",""referer"":""http://ec2-18-116-12-178.us-east-2.compute.amazonaws.com/vulnerabilities/sqli/?id=1%27+union+select+null%2C+concat%28user_id%2C0x0a%2Cfirst_name%2C0x0a%2Clast_name%2C0x0a%2Cuser%2C0x0a%2Cpassword%29+from+users+%23&Submit=Submit""}"
1618841316186,"{ ""time"":""2021-04-19T14:08:31.842Z"", ""process"":""3764"", ""filename"":""/var/www/html/DVWA/vulnerabilities/upload/index.php"", ""remoteIP"":""91.195.99.178"", ""host"":""ec2-18-116-12-178.us-east-2.compute.amazonaws.com"", ""request"":""/vulnerabilities/upload/index.php"", ""query"":"""",""method"":""GET"", ""status"":""200"", ""userAgent"":""Mozilla/5.0 (X11; Linux x86_64) AppleWebKit/537.36 (KHTML, like Gecko) Chrome/90.0.4430.72 Safari/537.36"",""referer"":""http://ec2-18-116-12-178.us-east-2.compute.amazonaws.com/vulnerabilities/sqli/?id=1%27+or+1%3D1+%23&Submit=Submit""}"
1618841358186,"{ ""time"":""2021-04-19T14:09:13.925Z"", ""process"":""847"", ""filename"":""/var/www/html/DVWA/security.php"", ""remoteIP"":""91.195.99.178"", ""host"":""ec2-18-116-12-178.us-east-2.compute.amazonaws.com"", ""request"":""/security.php"", ""query"":"""",""method"":""GET"", ""status"":""200"", ""userAgent"":""Mozilla/5.0 (X11; Linux x86_64) AppleWebKit/537.36 (KHTML, like Gecko) Chrome/90.0.4430.72 Safari/537.36"",""referer"":""http://ec2-18-116-12-178.us-east-2.compute.amazonaws.com/vulnerabilities/upload/""}"
1618841358736,"{ ""time"":""2021-04-19T14:09:18.299Z"", ""process"":""532"", ""filename"":""/var/www/html/DVWA/security.php"", ""remoteIP"":""91.195.99.178"", ""host"":""ec2-18-116-12-178.us-east-2.compute.amazonaws.com"", ""request"":""/security.php"", ""query"":"""",""method"":""POST"", ""status"":""302"", ""userAgent"":""Mozilla/5.0 (X11; Linux x86_64) AppleWebKit/537.36 (KHTML, like Gecko) Chrome/90.0.4430.72 Safari/537.36"",""referer"":""http://ec2-18-116-12-178.us-east-2.compute.amazonaws.com/security.php""}"
1618841363186,"{ ""time"":""2021-04-19T14:09:18.509Z"", ""process"":""896"", ""filename"":""/var/www/html/DVWA/security.php"", ""remoteIP"":""91.195.99.178"", ""host"":""ec2-18-116-12-178.us-east-2.compute.amazonaws.com"", ""request"":""/security.php"", ""query"":"""",""method"":""GET"", ""status"":""200"", ""userAgent"":""Mozilla/5.0 (X11; Linux x86_64) AppleWebKit/537.36 (KHTML, like Gecko) Chrome/90.0.4430.72 Safari/537.36"",""referer"":""http://ec2-18-116-12-178.us-east-2.compute.amazonaws.com/security.php""}"
1618841431041,"{ ""time"":""2021-04-19T14:10:27.244Z"", ""process"":""6017"", ""filename"":""/var/www/html/DVWA/vulnerabilities/fi/index.php"", ""remoteIP"":""91.195.99.178"", ""host"":""ec2-18-116-12-178.us-east-2.compute.amazonaws.com"", ""request"":""/vulnerabilities/fi/index.php"", ""query"":""?page=include.php"",""method"":""GET"", ""status"":""200"", ""userAgent"":""Mozilla/5.0 (X11; Linux x86_64) AppleWebKit/537.36 (KHTML, like Gecko) Chrome/90.0.4430.72 Safari/537.36"",""referer"":""http://ec2-18-116-12-178.us-east-2.compute.amazonaws.com/security.php""}"
1618841435186,"{ ""time"":""2021-04-19T14:10:30.992Z"", ""process"":""4962"", ""filename"":""/var/www/html/DVWA/vulnerabilities/csrf/index.php"", ""remoteIP"":""91.195.99.178"", ""host"":""ec2-18-116-12-178.us-east-2.compute.amazonaws.com"", ""request"":""/vulnerabilities/csrf/index.php"", ""query"":"""",""method"":""GET"", ""status"":""200"", ""userAgent"":""Mozilla/5.0 (X11; Linux x86_64) AppleWebKit/537.36 (KHTML, like Gecko) Chrome/90.0.4430.72 Safari/537.36"",""referer"":""http://ec2-18-116-12-178.us-east-2.compute.amazonaws.com/vulnerabilities/fi/?page=include.php""}"
1618841442186,"{ ""time"":""2021-04-19T14:10:37.790Z"", ""process"":""2616"", ""filename"":""/var/www/html/DVWA/vulnerabilities/exec/index.php"", ""remoteIP"":""91.195.99.178"", ""host"":""ec2-18-116-12-178.us-east-2.compute.amazonaws.com"", ""request"":""/vulnerabilities/exec/index.php"", ""query"":"""",""method"":""GET"", ""status"":""200"", ""userAgent"":""Mozilla/5.0 (X11; Linux x86_64) AppleWebKit/537.36 (KHTML, like Gecko) Chrome/90.0.4430.72 Safari/537.36"",""referer"":""http://ec2-18-116-12-178.us-east-2.compute.amazonaws.com/vulnerabilities/csrf/""}"
1618841532186,"{ ""time"":""2021-04-19T14:12:04.307Z"", ""process"":""3062756"", ""filename"":""/var/www/html/DVWA/vulnerabilities/exec/index.php"", ""remoteIP"":""91.195.99.178"", ""host"":""ec2-18-116-12-178.us-east-2.compute.amazonaws.com"", ""request"":""/vulnerabilities/exec/index.php"", ""query"":"""",""method"":""POST"", ""status"":""200"", ""userAgent"":""Mozilla/5.0 (X11; Linux x86_64) AppleWebKit/537.36 (KHTML, like Gecko) Chrome/90.0.4430.72 Safari/537.36"",""referer"":""http://ec2-18-116-12-178.us-east-2.compute.amazonaws.com/vulnerabilities/exec/""}"
1618841547186,"{ ""time"":""2021-04-19T14:12:19.293Z"", ""process"":""3052595"", ""filename"":""/var/www/html/DVWA/vulnerabilities/exec/index.php"", ""remoteIP"":""91.195.99.178"", ""host"":""ec2-18-116-12-178.us-east-2.compute.amazonaws.com"", ""request"":""/vulnerabilities/exec/index.php"", ""query"":"""",""method"":""POST"", ""status"":""200"", ""userAgent"":""Mozilla/5.0 (X11; Linux x86_64) AppleWebKit/537.36 (KHTML, like Gecko) Chrome/90.0.4430.72 Safari/537.36"",""referer"":""http://ec2-18-116-12-178.us-east-2.compute.amazonaws.com/vulnerabilities/exec/""}"
1618841566139,"{ ""time"":""2021-04-19T14:12:41.859Z"", ""process"":""826"", ""filename"":""/var/www/html/DVWA/security.php"", ""remoteIP"":""91.195.99.178"", ""host"":""ec2-18-116-12-178.us-east-2.compute.amazonaws.com"", ""request"":""/security.php"", ""query"":"""",""method"":""GET"", ""status"":""200"", ""userAgent"":""Mozilla/5.0 (X11; Linux x86_64) AppleWebKit/537.36 (KHTML, like Gecko) Chrome/90.0.4430.72 Safari/537.36"",""referer"":""http://ec2-18-116-12-178.us-east-2.compute.amazonaws.com/vulnerabilities/exec/""}"
1618841566139,"{ ""time"":""2021-04-19T14:12:45.915Z"", ""process"":""515"", ""filename"":""/var/www/html/DVWA/security.php"", ""remoteIP"":""91.195.99.178"", ""host"":""ec2-18-116-12-178.us-east-2.compute.amazonaws.com"", ""request"":""/security.php"", ""query"":"""",""method"":""POST"", ""status"":""302"", ""userAgent"":""Mozilla/5.0 (X11; Linux x86_64) AppleWebKit/537.36 (KHTML, like Gecko) Chrome/90.0.4430.72 Safari/537.36"",""referer"":""http://ec2-18-116-12-178.us-east-2.compute.amazonaws.com/security.php""}"
1618841568640,"{ ""time"":""2021-04-19T14:12:46.135Z"", ""process"":""934"", ""filename"":""/var/www/html/DVWA/security.php"", ""remoteIP"":""91.195.99.178"", ""host"":""ec2-18-116-12-178.us-east-2.compute.amazonaws.com"", ""request"":""/security.php"", ""query"":"""",""method"":""GET"", ""status"":""200"", ""userAgent"":""Mozilla/5.0 (X11; Linux x86_64) AppleWebKit/537.36 (KHTML, like Gecko) Chrome/90.0.4430.72 Safari/537.36"",""referer"":""http://ec2-18-116-12-178.us-east-2.compute.amazonaws.com/security.php""}"
1618841573186,"{ ""time"":""2021-04-19T14:12:48.615Z"", ""process"":""1514"", ""filename"":""/var/www/html/DVWA/vulnerabilities/exec/index.php"", ""remoteIP"":""91.195.99.178"", ""host"":""ec2-18-116-12-178.us-east-2.compute.amazonaws.com"", ""request"":""/vulnerabilities/exec/index.php"", ""query"":"""",""method"":""GET"", ""status"":""200"", ""userAgent"":""Mozilla/5.0 (X11; Linux x86_64) AppleWebKit/537.36 (KHTML, like Gecko) Chrome/90.0.4430.72 Safari/537.36"",""referer"":""http://ec2-18-116-12-178.us-east-2.compute.amazonaws.com/security.php""}"
1618841580189,"{ ""time"":""2021-04-19T14:12:52.425Z"", ""process"":""3072561"", ""filename"":""/var/www/html/DVWA/vulnerabilities/exec/index.php"", ""remoteIP"":""91.195.99.178"", ""host"":""ec2-18-116-12-178.us-east-2.compute.amazonaws.com"", ""request"":""/vulnerabilities/exec/index.php"", ""query"":"""",""method"":""POST"", ""status"":""200"", ""userAgent"":""Mozilla/5.0 (X11; Linux x86_64) AppleWebKit/537.36 (KHTML, like Gecko) Chrome/90.0.4430.72 Safari/537.36"",""referer"":""http://ec2-18-116-12-178.us-east-2.compute.amazonaws.com/vulnerabilities/exec/""}"
1618841597186,"{ ""time"":""2021-04-19T14:13:09.942Z"", ""process"":""3060702"", ""filename"":""/var/www/html/DVWA/vulnerabilities/exec/index.php"", ""remoteIP"":""91.195.99.178"", ""host"":""ec2-18-116-12-178.us-east-2.compute.amazonaws.com"", ""request"":""/vulnerabilities/exec/index.php"", ""query"":"""",""method"":""POST"", ""status"":""200"", ""userAgent"":""Mozilla/5.0 (X11; Linux x86_64) AppleWebKit/537.36 (KHTML, like Gecko) Chrome/90.0.4430.72 Safari/537.36"",""referer"":""http://ec2-18-116-12-178.us-east-2.compute.amazonaws.com/vulnerabilities/exec/""}"
1618841646186,"{ ""time"":""2021-04-19T14:14:01.518Z"", ""process"":""46"", ""filename"":""-"", ""remoteIP"":""91.195.99.178"", ""host"":""ip-172-31-8-208.us-east-2.compute.internal"", ""request"":""-"", ""query"":"""",""method"":""-"", ""status"":""408"", ""userAgent"":""-"",""referer"":""-""}"
1618841757186,"{ ""time"":""2021-04-19T14:15:52.237Z"", ""process"":""10445"", ""filename"":""/var/www/html/DVWA/vulnerabilities/captcha/index.php"", ""remoteIP"":""91.195.99.178"", ""host"":""ec2-18-116-12-178.us-east-2.compute.amazonaws.com"", ""request"":""/vulnerabilities/captcha/index.php"", ""query"":"""",""method"":""GET"", ""status"":""200"", ""userAgent"":""Mozilla/5.0 (X11; Linux x86_64) AppleWebKit/537.36 (KHTML, like Gecko) Chrome/90.0.4430.72 Safari/537.36"",""referer"":""http://ec2-18-116-12-178.us-east-2.compute.amazonaws.com/vulnerabilities/exec/""}"
1618841798304,"{ ""time"":""2021-04-19T14:16:37.891Z"", ""process"":""1647"", ""filename"":""/var/www/html/DVWA/setup.php"", ""remoteIP"":""91.195.99.178"", ""host"":""ec2-18-116-12-178.us-east-2.compute.amazonaws.com"", ""request"":""/setup.php"", ""query"":"""",""method"":""GET"", ""status"":""200"", ""userAgent"":""Mozilla/5.0 (X11; Linux x86_64) AppleWebKit/537.36 (KHTML, like Gecko) Chrome/90.0.4430.72 Safari/537.36"",""referer"":""http://ec2-18-116-12-178.us-east-2.compute.amazonaws.com/vulnerabilities/captcha/""}"
1618841803186,"{ ""time"":""2021-04-19T14:16:38.269Z"", ""process"":""945"", ""filename"":""/var/www/html/DVWA/dvwa/images/spanner.png"", ""remoteIP"":""91.195.99.178"", ""host"":""ec2-18-116-12-178.us-east-2.compute.amazonaws.com"", ""request"":""/dvwa/images/spanner.png"", ""query"":"""",""method"":""GET"", ""status"":""200"", ""userAgent"":""Mozilla/5.0 (X11; Linux x86_64) AppleWebKit/537.36 (KHTML, like Gecko) Chrome/90.0.4430.72 Safari/537.36"",""referer"":""http://ec2-18-116-12-178.us-east-2.compute.amazonaws.com/setup.php""}"
1618841807811,"{ ""time"":""2021-04-19T14:16:47.369Z"", ""process"":""62921"", ""filename"":""/var/www/html/DVWA/setup.php"", ""remoteIP"":""91.195.99.178"", ""host"":""ec2-18-116-12-178.us-east-2.compute.amazonaws.com"", ""request"":""/setup.php"", ""query"":"""",""method"":""POST"", ""status"":""302"", ""userAgent"":""Mozilla/5.0 (X11; Linux x86_64) AppleWebKit/537.36 (KHTML, like Gecko) Chrome/90.0.4430.72 Safari/537.36"",""referer"":""http://ec2-18-116-12-178.us-east-2.compute.amazonaws.com/setup.php""}"
1618841812186,"{ ""time"":""2021-04-19T14:16:47.649Z"", ""process"":""926"", ""filename"":""/var/www/html/DVWA/setup.php"", ""remoteIP"":""91.195.99.178"", ""host"":""ec2-18-116-12-178.us-east-2.compute.amazonaws.com"", ""request"":""/setup.php"", ""query"":"""",""method"":""GET"", ""status"":""200"", ""userAgent"":""Mozilla/5.0 (X11; Linux x86_64) AppleWebKit/537.36 (KHTML, like Gecko) Chrome/90.0.4430.72 Safari/537.36"",""referer"":""http://ec2-18-116-12-178.us-east-2.compute.amazonaws.com/setup.php""}"
1618842022218,"{ ""time"":""2021-04-19T14:20:21.770Z"", ""process"":""53791"", ""filename"":""/var/www/html/DVWA/setup.php"", ""remoteIP"":""91.195.99.178"", ""host"":""ec2-18-116-12-178.us-east-2.compute.amazonaws.com"", ""request"":""/setup.php"", ""query"":"""",""method"":""POST"", ""status"":""302"", ""userAgent"":""Mozilla/5.0 (X11; Linux x86_64) AppleWebKit/537.36 (KHTML, like Gecko) Chrome/90.0.4430.72 Safari/537.36"",""referer"":""http://ec2-18-116-12-178.us-east-2.compute.amazonaws.com/setup.php""}"
1618842026721,"{ ""time"":""2021-04-19T14:20:22.028Z"", ""process"":""928"", ""filename"":""/var/www/html/DVWA/setup.php"", ""remoteIP"":""91.195.99.178"", ""host"":""ec2-18-116-12-178.us-east-2.compute.amazonaws.com"", ""request"":""/setup.php"", ""query"":"""",""method"":""GET"", ""status"":""200"", ""userAgent"":""Mozilla/5.0 (X11; Linux x86_64) AppleWebKit/537.36 (KHTML, like Gecko) Chrome/90.0.4430.72 Safari/537.36"",""referer"":""http://ec2-18-116-12-178.us-east-2.compute.amazonaws.com/setup.php""}"
1618842031186,"{ ""time"":""2021-04-19T14:20:26.567Z"", ""process"":""1616"", ""filename"":""/var/www/html/DVWA/vulnerabilities/captcha/index.php"", ""remoteIP"":""91.195.99.178"", ""host"":""ec2-18-116-12-178.us-east-2.compute.amazonaws.com"", ""request"":""/vulnerabilities/captcha/index.php"", ""query"":"""",""method"":""GET"", ""status"":""200"", ""userAgent"":""Mozilla/5.0 (X11; Linux x86_64) AppleWebKit/537.36 (KHTML, like Gecko) Chrome/90.0.4430.72 Safari/537.36"",""referer"":""http://ec2-18-116-12-178.us-east-2.compute.amazonaws.com/setup.php""}"
1618842176186,"{ ""time"":""2021-04-19T14:22:51.777Z"", ""process"":""112433"", ""filename"":""/var/www/html/DVWA/vulnerabilities/captcha/index.php"", ""remoteIP"":""91.195.99.178"", ""host"":""ec2-18-116-12-178.us-east-2.compute.amazonaws.com"", ""request"":""/vulnerabilities/captcha/index.php"", ""query"":"""",""method"":""POST"", ""status"":""200"", ""userAgent"":""Mozilla/5.0 (X11; Linux x86_64) AppleWebKit/537.36 (KHTML, like Gecko) Chrome/90.0.4430.72 Safari/537.36"",""referer"":""http://ec2-18-116-12-178.us-east-2.compute.amazonaws.com/vulnerabilities/captcha/""}"
1618842183186,"{ ""time"":""2021-04-19T14:22:58.969Z"", ""process"":""107369"", ""filename"":""/var/www/html/DVWA/vulnerabilities/captcha/index.php"", ""remoteIP"":""91.195.99.178"", ""host"":""ec2-18-116-12-178.us-east-2.compute.amazonaws.com"", ""request"":""/vulnerabilities/captcha/index.php"", ""query"":"""",""method"":""POST"", ""status"":""200"", ""userAgent"":""Mozilla/5.0 (X11; Linux x86_64) AppleWebKit/537.36 (KHTML, like Gecko) Chrome/90.0.4430.72 Safari/537.36"",""referer"":""http://ec2-18-116-12-178.us-east-2.compute.amazonaws.com/vulnerabilities/captcha/""}"
1618842190098,"{ ""time"":""2021-04-19T14:23:06.461Z"", ""process"":""4309"", ""filename"":""/var/www/html/DVWA/vulnerabilities/xss_d/index.php"", ""remoteIP"":""91.195.99.178"", ""host"":""ec2-18-116-12-178.us-east-2.compute.amazonaws.com"", ""request"":""/vulnerabilities/xss_d/index.php"", ""query"":"""",""method"":""GET"", ""status"":""200"", ""userAgent"":""Mozilla/5.0 (X11; Linux x86_64) AppleWebKit/537.36 (KHTML, like Gecko) Chrome/90.0.4430.72 Safari/537.36"",""referer"":""http://ec2-18-116-12-178.us-east-2.compute.amazonaws.com/vulnerabilities/captcha/""}"
1618842194186,"{ ""time"":""2021-04-19T14:23:09.999Z"", ""process"":""1488"", ""filename"":""/var/www/html/DVWA/vulnerabilities/xss_d/index.php"", ""remoteIP"":""91.195.99.178"", ""host"":""ec2-18-116-12-178.us-east-2.compute.amazonaws.com"", ""request"":""/vulnerabilities/xss_d/index.php"", ""query"":""?default=English"",""method"":""GET"", ""status"":""200"", ""userAgent"":""Mozilla/5.0 (X11; Linux x86_64) AppleWebKit/537.36 (KHTML, like Gecko) Chrome/90.0.4430.72 Safari/537.36"",""referer"":""http://ec2-18-116-12-178.us-east-2.compute.amazonaws.com/vulnerabilities/xss_d/""}"
1618842200186,"{ ""time"":""2021-04-19T14:23:15.537Z"", ""process"":""1489"", ""filename"":""/var/www/html/DVWA/vulnerabilities/xss_d/index.php"", ""remoteIP"":""91.195.99.178"", ""host"":""ec2-18-116-12-178.us-east-2.compute.amazonaws.com"", ""request"":""/vulnerabilities/xss_d/index.php"", ""query"":""?default=French"",""method"":""GET"", ""status"":""200"", ""userAgent"":""Mozilla/5.0 (X11; Linux x86_64) AppleWebKit/537.36 (KHTML, like Gecko) Chrome/90.0.4430.72 Safari/537.36"",""referer"":""http://ec2-18-116-12-178.us-east-2.compute.amazonaws.com/vulnerabilities/xss_d/?default=English""}"
1618842292416,"{ ""time"":""2021-04-19T14:24:49.370Z"", ""process"":""1491"", ""filename"":""/var/www/html/DVWA/vulnerabilities/xss_d/index.php"", ""remoteIP"":""91.195.99.178"", ""host"":""ec2-18-116-12-178.us-east-2.compute.amazonaws.com"", ""request"":""/vulnerabilities/xss_d/index.php"", ""query"":""?default=test"",""method"":""GET"", ""status"":""200"", ""userAgent"":""Mozilla/5.0 (X11; Linux x86_64) AppleWebKit/537.36 (KHTML, like Gecko) Chrome/90.0.4430.72 Safari/537.36"",""referer"":""-""}"
1618842297186,"{ ""time"":""2021-04-19T14:24:52.338Z"", ""process"":""1460"", ""filename"":""/var/www/html/DVWA/vulnerabilities/xss_d/index.php"", ""remoteIP"":""91.195.99.178"", ""host"":""ec2-18-116-12-178.us-east-2.compute.amazonaws.com"", ""request"":""/vulnerabilities/xss_d/index.php"", ""query"":""?default=test"",""method"":""GET"", ""status"":""200"", ""userAgent"":""Mozilla/5.0 (X11; Linux x86_64) AppleWebKit/537.36 (KHTML, like Gecko) Chrome/90.0.4430.72 Safari/537.36"",""referer"":""http://ec2-18-116-12-178.us-east-2.compute.amazonaws.com/vulnerabilities/xss_d/?default=test""}"
1618842308431,"{ ""time"":""2021-04-19T14:25:05.588Z"", ""process"":""1547"", ""filename"":""/var/www/html/DVWA/vulnerabilities/xss_d/index.php"", ""remoteIP"":""91.195.99.178"", ""host"":""ec2-18-116-12-178.us-east-2.compute.amazonaws.com"", ""request"":""/vulnerabilities/xss_d/index.php"", ""query"":""?default=alert%20%E2%80%9C%3Cscript%3Ealert(%E2%80%9CHouston,%20we%20have%20a%20problem!!%E2%80%9D)%3C/script%3E%E2%80%9D:"",""method"":""GET"", ""status"":""200"", ""userAgent"":""Mozilla/5.0 (X11; Linux x86_64) AppleWebKit/537.36 (KHTML, like Gecko) Chrome/90.0.4430.72 Safari/537.36"",""referer"":""-""}"
1618842310682,"{ ""time"":""2021-04-19T14:25:08.288Z"", ""process"":""1484"", ""filename"":""/var/www/html/DVWA/vulnerabilities/xss_d/index.php"", ""remoteIP"":""91.195.99.178"", ""host"":""ec2-18-116-12-178.us-east-2.compute.amazonaws.com"", ""request"":""/vulnerabilities/xss_d/index.php"", ""query"":""?default=alert%2520%25E2%2580%259C%253Cscript%253Ealert%28%25E2%2580%259CHouston%2C%2520we%2520have%2520a%2520problem%21%21%25E2%2580%259D%29%253C%2Fscript%253E%25E2%2580%259D%3A"",""method"":""GET"", ""status"":""200"", ""userAgent"":""Mozilla/5.0 (X11; Linux x86_64) AppleWebKit/537.36 (KHTML, like Gecko) Chrome/90.0.4430.72 Safari/537.36"",""referer"":""http://ec2-18-116-12-178.us-east-2.compute.amazonaws.com/vulnerabilities/xss_d/?default=alert%20%E2%80%9C%3Cscript%3Ealert(%E2%80%9CHouston,%20we%20have%20a%20problem!!%E2%80%9D)%3C/script%3E%E2%80%9D:""}"
1618842312183,"{ ""time"":""2021-04-19T14:25:10.588Z"", ""process"":""1472"", ""filename"":""/var/www/html/DVWA/vulnerabilities/xss_d/index.php"", ""remoteIP"":""91.195.99.178"", ""host"":""ec2-18-116-12-178.us-east-2.compute.amazonaws.com"", ""request"":""/vulnerabilities/xss_d/index.php"", ""query"":""?default=alert%252520%2525E2%252580%25259C%25253Cscript%25253Ealert%2528%2525E2%252580%25259CHouston%252C%252520we%252520have%252520a%252520problem%2521%2521%2525E2%252580%25259D%2529%25253C%252Fscript%25253E%2525E2%252580%25259D%253A"",""method"":""GET"", ""status"":""200"", ""userAgent"":""Mozilla/5.0 (X11; Linux x86_64) AppleWebKit/537.36 (KHTML, like Gecko) Chrome/90.0.4430.72 Safari/537.36"",""referer"":""http://ec2-18-116-12-178.us-east-2.compute.amazonaws.com/vulnerabilities/xss_d/?default=alert%2520%25E2%2580%259C%253Cscript%253Ealert%28%25E2%2580%259CHouston%2C%2520we%2520have%2520a%2520problem%21%21%25E2%2580%259D%29%253C%2Fscript%253E%25E2%2580%259D%3A""}"
1618842316186,"{ ""time"":""2021-04-19T14:25:12.078Z"", ""process"":""1507"", ""filename"":""/var/www/html/DVWA/vulnerabilities/xss_d/index.php"", ""remoteIP"":""91.195.99.178"", ""host"":""ec2-18-116-12-178.us-east-2.compute.amazonaws.com"", ""request"":""/vulnerabilities/xss_d/index.php"", ""query"":""?default=alert%25252520%252525E2%25252580%2525259C%2525253Cscript%2525253Ealert%252528%252525E2%25252580%2525259CHouston%25252C%25252520we%25252520have%25252520a%25252520problem%252521%252521%252525E2%25252580%2525259D%252529%2525253C%25252Fscript%2525253E%252525E2%25252580%2525259D%25253A"",""method"":""GET"", ""status"":""200"", ""userAgent"":""Mozilla/5.0 (X11; Linux x86_64) AppleWebKit/537.36 (KHTML, like Gecko) Chrome/90.0.4430.72 Safari/537.36"",""referer"":""http://ec2-18-116-12-178.us-east-2.compute.amazonaws.com/vulnerabilities/xss_d/?default=alert%252520%2525E2%252580%25259C%25253Cscript%25253Ealert%2528%2525E2%252580%25259CHouston%252C%252520we%252520have%252520a%252520problem%2521%2521%2525E2%252580%25259D%2529%25253C%252Fscript%25253E%2525E2%252580%25259D%253A""}"
1618842360214,"{ ""time"":""2021-04-19T14:25:57.384Z"", ""process"":""1536"", ""filename"":""/var/www/html/DVWA/vulnerabilities/xss_d/index.php"", ""remoteIP"":""91.195.99.178"", ""host"":""ec2-18-116-12-178.us-east-2.compute.amazonaws.com"", ""request"":""/vulnerabilities/xss_d/index.php"", ""query"":""?default=%E2%80%9C%3Cscript%3Ealert(%E2%80%9CHouston,%20we%20have%20a%20problem!!%E2%80%9D)%3C/script%3E%E2%80%9D;"",""method"":""GET"", ""status"":""200"", ""userAgent"":""Mozilla/5.0 (X11; Linux x86_64) AppleWebKit/537.36 (KHTML, like Gecko) Chrome/90.0.4430.72 Safari/537.36"",""referer"":""-""}"
1618842365186,"{ ""time"":""2021-04-19T14:26:00.105Z"", ""process"":""1503"", ""filename"":""/var/www/html/DVWA/vulnerabilities/xss_d/index.php"", ""remoteIP"":""91.195.99.178"", ""host"":""ec2-18-116-12-178.us-east-2.compute.amazonaws.com"", ""request"":""/vulnerabilities/xss_d/index.php"", ""query"":""?default=%25E2%2580%259C%253Cscript%253Ealert%28%25E2%2580%259CHouston%2C%2520we%2520have%2520a%2520problem%21%21%25E2%2580%259D%29%253C%2Fscript%253E%25E2%2580%259D%3B"",""method"":""GET"", ""status"":""200"", ""userAgent"":""Mozilla/5.0 (X11; Linux x86_64) AppleWebKit/537.36 (KHTML, like Gecko) Chrome/90.0.4430.72 Safari/537.36"",""referer"":""http://ec2-18-116-12-178.us-east-2.compute.amazonaws.com/vulnerabilities/xss_d/?default=%E2%80%9C%3Cscript%3Ealert(%E2%80%9CHouston,%20we%20have%20a%20problem!!%E2%80%9D)%3C/script%3E%E2%80%9D;""}"
1618842398489,"{ ""time"":""2021-04-19T14:26:36.459Z"", ""process"":""1555"", ""filename"":""/var/www/html/DVWA/vulnerabilities/xss_d/index.php"", ""remoteIP"":""91.195.99.178"", ""host"":""ec2-18-116-12-178.us-east-2.compute.amazonaws.com"", ""request"":""/vulnerabilities/xss_d/index.php"", ""query"":""?default=%3Cscript%3Ealert(%E2%80%9CHouston,%20we%20have%20a%20problem!!%E2%80%9D)%3C/script%3E"",""method"":""GET"", ""status"":""200"", ""userAgent"":""Mozilla/5.0 (X11; Linux x86_64) AppleWebKit/537.36 (KHTML, like Gecko) Chrome/90.0.4430.72 Safari/537.36"",""referer"":""-""}"
1618842403186,"{ ""time"":""2021-04-19T14:26:38.389Z"", ""process"":""1482"", ""filename"":""/var/www/html/DVWA/vulnerabilities/xss_d/index.php"", ""remoteIP"":""91.195.99.178"", ""host"":""ec2-18-116-12-178.us-east-2.compute.amazonaws.com"", ""request"":""/vulnerabilities/xss_d/index.php"", ""query"":""?default=%253Cscript%253Ealert%28%25E2%2580%259CHouston%2C%2520we%2520have%2520a%2520problem%21%21%25E2%2580%259D%29%253C%2Fscript%253E"",""method"":""GET"", ""status"":""200"", ""userAgent"":""Mozilla/5.0 (X11; Linux x86_64) AppleWebKit/537.36 (KHTML, like Gecko) Chrome/90.0.4430.72 Safari/537.36"",""referer"":""http://ec2-18-116-12-178.us-east-2.compute.amazonaws.com/vulnerabilities/xss_d/?default=%3Cscript%3Ealert(%E2%80%9CHouston,%20we%20have%20a%20problem!!%E2%80%9D)%3C/script%3E""}"
1618842414186,"{ ""time"":""2021-04-19T14:26:49.727Z"", ""process"":""1567"", ""filename"":""/var/www/html/DVWA/vulnerabilities/xss_d/index.php"", ""remoteIP"":""91.195.99.178"", ""host"":""ec2-18-116-12-178.us-east-2.compute.amazonaws.com"", ""request"":""/vulnerabilities/xss_d/index.php"", ""query"":""?default=%E2%80%9C%3Cscript%3Ealert(%E2%80%9CHouston,%20we%20have%20a%20problem!!%E2%80%9D)%3C/script%3E%E2%80%9D"",""method"":""GET"", ""status"":""200"", ""userAgent"":""Mozilla/5.0 (X11; Linux x86_64) AppleWebKit/537.36 (KHTML, like Gecko) Chrome/90.0.4430.72 Safari/537.36"",""referer"":""-""}"
1618842455186,"{ ""time"":""2021-04-19T14:27:30.779Z"", ""process"":""1538"", ""filename"":""/var/www/html/DVWA/vulnerabilities/xss_d/index.php"", ""remoteIP"":""91.195.99.178"", ""host"":""ec2-18-116-12-178.us-east-2.compute.amazonaws.com"", ""request"":""/vulnerabilities/xss_d/index.php"", ""query"":""?default=%3Cscript%3Ealert(%E2%80%9CHouston,%20we%20have%20a%20problem!!%E2%80%9D)%3C/script%3E"",""method"":""GET"", ""status"":""200"", ""userAgent"":""Mozilla/5.0 (X11; Linux x86_64) AppleWebKit/537.36 (KHTML, like Gecko) Chrome/90.0.4430.72 Safari/537.36"",""referer"":""-""}"
1618842485186,"{ ""time"":""2021-04-19T14:28:00.368Z"", ""process"":""1611"", ""filename"":""/var/www/html/DVWA/vulnerabilities/xss_d/index.php"", ""remoteIP"":""91.195.99.178"", ""host"":""ec2-18-116-12-178.us-east-2.compute.amazonaws.com"", ""request"":""/vulnerabilities/xss_d/index.php"", ""query"":""?default=%3Cscript%3Ealert(document.cookie)%3C/script%3E"",""method"":""GET"", ""status"":""200"", ""userAgent"":""Mozilla/5.0 (X11; Linux x86_64) AppleWebKit/537.36 (KHTML, like Gecko) Chrome/90.0.4430.72 Safari/537.36"",""referer"":""-""}"
1618842925186,"{ ""time"":""2021-04-19T14:35:20.949Z"", ""process"":""6514"", ""filename"":""/var/www/html/DVWA/vulnerabilities/javascript/index.php"", ""remoteIP"":""91.195.99.178"", ""host"":""ec2-18-116-12-178.us-east-2.compute.amazonaws.com"", ""request"":""/vulnerabilities/javascript/index.php"", ""query"":"""",""method"":""GET"", ""status"":""200"", ""userAgent"":""Mozilla/5.0 (X11; Linux x86_64) AppleWebKit/537.36 (KHTML, like Gecko) Chrome/90.0.4430.72 Safari/537.36"",""referer"":""http://ec2-18-116-12-178.us-east-2.compute.amazonaws.com/vulnerabilities/xss_d/?default=%3Cscript%3Ealert(document.cookie)%3C/script%3E""}"
1618842931879,"{ ""time"":""2021-04-19T14:35:29.078Z"", ""process"":""1697"", ""filename"":""/var/www/html/DVWA/vulnerabilities/javascript/index.php"", ""remoteIP"":""91.195.99.178"", ""host"":""ec2-18-116-12-178.us-east-2.compute.amazonaws.com"", ""request"":""/vulnerabilities/javascript/index.php"", ""query"":"""",""method"":""POST"", ""status"":""200"", ""userAgent"":""Mozilla/5.0 (X11; Linux x86_64) AppleWebKit/537.36 (KHTML, like Gecko) Chrome/90.0.4430.72 Safari/537.36"",""referer"":""http://ec2-18-116-12-178.us-east-2.compute.amazonaws.com/vulnerabilities/javascript/""}"
1618842936186,"{ ""time"":""2021-04-19T14:35:31.876Z"", ""process"":""1608"", ""filename"":""/var/www/html/DVWA/vulnerabilities/javascript/index.php"", ""remoteIP"":""91.195.99.178"", ""host"":""ec2-18-116-12-178.us-east-2.compute.amazonaws.com"", ""request"":""/vulnerabilities/javascript/index.php"", ""query"":"""",""method"":""POST"", ""status"":""200"", ""userAgent"":""Mozilla/5.0 (X11; Linux x86_64) AppleWebKit/537.36 (KHTML, like Gecko) Chrome/90.0.4430.72 Safari/537.36"",""referer"":""http://ec2-18-116-12-178.us-east-2.compute.amazonaws.com/vulnerabilities/javascript/""}"
1618843180063,"{ ""time"":""2021-04-19T14:39:39.706Z"", ""process"":""626"", ""filename"":""/var/www/html/DVWA/vulnerabilities/javascript/index.php"", ""remoteIP"":""91.195.99.178"", ""host"":""ec2-18-116-12-178.us-east-2.compute.amazonaws.com"", ""request"":""/vulnerabilities/javascript/index.php"", ""query"":"""",""method"":""GET"", ""status"":""302"", ""userAgent"":""Mozilla/5.0 (X11; Linux x86_64) AppleWebKit/537.36 (KHTML, like Gecko) Chrome/89.0.4389.114 Safari/537.36"",""referer"":""-""}"
1618843180313,"{ ""time"":""2021-04-19T14:39:39.896Z"", ""process"":""1304"", ""filename"":""/var/www/html/DVWA/login.php"", ""remoteIP"":""91.195.99.178"", ""host"":""ec2-18-116-12-178.us-east-2.compute.amazonaws.com"", ""request"":""/login.php"", ""query"":"""",""method"":""GET"", ""status"":""200"", ""userAgent"":""Mozilla/5.0 (X11; Linux x86_64) AppleWebKit/537.36 (KHTML, like Gecko) Chrome/89.0.4389.114 Safari/537.36"",""referer"":""-""}"
1618843180563,"{ ""time"":""2021-04-19T14:39:40.210Z"", ""process"":""978"", ""filename"":""/var/www/html/DVWA/dvwa/css/login.css"", ""remoteIP"":""91.195.99.178"", ""host"":""ec2-18-116-12-178.us-east-2.compute.amazonaws.com"", ""request"":""/dvwa/css/login.css"", ""query"":"""",""method"":""GET"", ""status"":""200"", ""userAgent"":""Mozilla/5.0 (X11; Linux x86_64) AppleWebKit/537.36 (KHTML, like Gecko) Chrome/89.0.4389.114 Safari/537.36"",""referer"":""http://ec2-18-116-12-178.us-east-2.compute.amazonaws.com/login.php""}"
1618843180814,"{ ""time"":""2021-04-19T14:39:40.397Z"", ""process"":""3454"", ""filename"":""/var/www/html/DVWA/dvwa/images/login_logo.png"", ""remoteIP"":""91.195.99.178"", ""host"":""ec2-18-116-12-178.us-east-2.compute.amazonaws.com"", ""request"":""/dvwa/images/login_logo.png"", ""query"":"""",""method"":""GET"", ""status"":""200"", ""userAgent"":""Mozilla/5.0 (X11; Linux x86_64) AppleWebKit/537.36 (KHTML, like Gecko) Chrome/89.0.4389.114 Safari/537.36"",""referer"":""http://ec2-18-116-12-178.us-east-2.compute.amazonaws.com/login.php""}"
1618843185186,"{ ""time"":""2021-04-19T14:39:40.602Z"", ""process"":""216"", ""filename"":""/var/www/html/DVWA/favicon.ico"", ""remoteIP"":""91.195.99.178"", ""host"":""ec2-18-116-12-178.us-east-2.compute.amazonaws.com"", ""request"":""/favicon.ico"", ""query"":"""",""method"":""GET"", ""status"":""200"", ""userAgent"":""Mozilla/5.0 (X11; Linux x86_64) AppleWebKit/537.36 (KHTML, like Gecko) Chrome/89.0.4389.114 Safari/537.36"",""referer"":""http://ec2-18-116-12-178.us-east-2.compute.amazonaws.com/login.php""}"
1618843200581,"{ ""time"":""2021-04-19T14:40:00.379Z"", ""process"":""1645"", ""filename"":""/var/www/html/DVWA/login.php"", ""remoteIP"":""91.195.99.178"", ""host"":""ec2-18-116-12-178.us-east-2.compute.amazonaws.com"", ""request"":""/login.php"", ""query"":"""",""method"":""POST"", ""status"":""302"", ""userAgent"":""Mozilla/5.0 (X11; Linux x86_64) AppleWebKit/537.36 (KHTML, like Gecko) Chrome/89.0.4389.114 Safari/537.36"",""referer"":""http://ec2-18-116-12-178.us-east-2.compute.amazonaws.com/login.php""}"
1618843201082,"{ ""time"":""2021-04-19T14:40:00.579Z"", ""process"":""930"", ""filename"":""/var/www/html/DVWA/index.php"", ""remoteIP"":""91.195.99.178"", ""host"":""ec2-18-116-12-178.us-east-2.compute.amazonaws.com"", ""request"":""/index.php"", ""query"":"""",""method"":""GET"", ""status"":""200"", ""userAgent"":""Mozilla/5.0 (X11; Linux x86_64) AppleWebKit/537.36 (KHTML, like Gecko) Chrome/89.0.4389.114 Safari/537.36"",""referer"":""http://ec2-18-116-12-178.us-east-2.compute.amazonaws.com/login.php""}"
1618843201082,"{ ""time"":""2021-04-19T14:40:00.842Z"", ""process"":""478"", ""filename"":""/var/www/html/DVWA/dvwa/css/main.css"", ""remoteIP"":""91.195.99.178"", ""host"":""ec2-18-116-12-178.us-east-2.compute.amazonaws.com"", ""request"":""/dvwa/css/main.css"", ""query"":"""",""method"":""GET"", ""status"":""200"", ""userAgent"":""Mozilla/5.0 (X11; Linux x86_64) AppleWebKit/537.36 (KHTML, like Gecko) Chrome/89.0.4389.114 Safari/537.36"",""referer"":""http://ec2-18-116-12-178.us-east-2.compute.amazonaws.com/index.php""}"
1618843201082,"{ ""time"":""2021-04-19T14:40:01.041Z"", ""process"":""400"", ""filename"":""/var/www/html/DVWA/dvwa/js/dvwaPage.js"", ""remoteIP"":""91.195.99.178"", ""host"":""ec2-18-116-12-178.us-east-2.compute.amazonaws.com"", ""request"":""/dvwa/js/dvwaPage.js"", ""query"":"""",""method"":""GET"", ""status"":""200"", ""userAgent"":""Mozilla/5.0 (X11; Linux x86_64) AppleWebKit/537.36 (KHTML, like Gecko) Chrome/89.0.4389.114 Safari/537.36"",""referer"":""http://ec2-18-116-12-178.us-east-2.compute.amazonaws.com/index.php""}"
1618843201332,"{ ""time"":""2021-04-19T14:40:01.046Z"", ""process"":""272"", ""filename"":""/var/www/html/DVWA/dvwa/js/add_event_listeners.js"", ""remoteIP"":""91.195.99.178"", ""host"":""ec2-18-116-12-178.us-east-2.compute.amazonaws.com"", ""request"":""/dvwa/js/add_event_listeners.js"", ""query"":"""",""method"":""GET"", ""status"":""200"", ""userAgent"":""Mozilla/5.0 (X11; Linux x86_64) AppleWebKit/537.36 (KHTML, like Gecko) Chrome/89.0.4389.114 Safari/537.36"",""referer"":""http://ec2-18-116-12-178.us-east-2.compute.amazonaws.com/index.php""}"
1618843203834,"{ ""time"":""2021-04-19T14:40:01.256Z"", ""process"":""231"", ""filename"":""/var/www/html/DVWA/dvwa/images/logo.png"", ""remoteIP"":""91.195.99.178"", ""host"":""ec2-18-116-12-178.us-east-2.compute.amazonaws.com"", ""request"":""/dvwa/images/logo.png"", ""query"":"""",""method"":""GET"", ""status"":""200"", ""userAgent"":""Mozilla/5.0 (X11; Linux x86_64) AppleWebKit/537.36 (KHTML, like Gecko) Chrome/89.0.4389.114 Safari/537.36"",""referer"":""http://ec2-18-116-12-178.us-east-2.compute.amazonaws.com/index.php""}"
1618843204584,"{ ""time"":""2021-04-19T14:40:03.666Z"", ""process"":""2572"", ""filename"":""/var/www/html/DVWA/vulnerabilities/javascript/index.php"", ""remoteIP"":""91.195.99.178"", ""host"":""ec2-18-116-12-178.us-east-2.compute.amazonaws.com"", ""request"":""/vulnerabilities/javascript/index.php"", ""query"":"""",""method"":""GET"", ""status"":""200"", ""userAgent"":""Mozilla/5.0 (X11; Linux x86_64) AppleWebKit/537.36 (KHTML, like Gecko) Chrome/89.0.4389.114 Safari/537.36"",""referer"":""http://ec2-18-116-12-178.us-east-2.compute.amazonaws.com/index.php""}"
1618843209186,"{ ""time"":""2021-04-19T14:40:04.366Z"", ""process"":""382"", ""filename"":""/var/www/html/DVWA/dvwa/js/add_event_listeners.js"", ""remoteIP"":""91.195.99.178"", ""host"":""ec2-18-116-12-178.us-east-2.compute.amazonaws.com"", ""request"":""/dvwa/js/add_event_listeners.js"", ""query"":"""",""method"":""GET"", ""status"":""200"", ""userAgent"":""Mozilla/5.0 (X11; Linux x86_64) AppleWebKit/537.36 (KHTML, like Gecko) Chrome/89.0.4389.114 Safari/537.36"",""referer"":""http://ec2-18-116-12-178.us-east-2.compute.amazonaws.com/vulnerabilities/javascript/""}"
1618843214841,"{ ""time"":""2021-04-19T14:40:14.465Z"", ""process"":""848"", ""filename"":""/var/www/html/DVWA/security.php"", ""remoteIP"":""91.195.99.178"", ""host"":""ec2-18-116-12-178.us-east-2.compute.amazonaws.com"", ""request"":""/security.php"", ""query"":"""",""method"":""GET"", ""status"":""200"", ""userAgent"":""Mozilla/5.0 (X11; Linux x86_64) AppleWebKit/537.36 (KHTML, like Gecko) Chrome/89.0.4389.114 Safari/537.36"",""referer"":""http://ec2-18-116-12-178.us-east-2.compute.amazonaws.com/vulnerabilities/javascript/""}"
1618843218594,"{ ""time"":""2021-04-19T14:40:14.715Z"", ""process"":""2915"", ""filename"":""/var/www/html/DVWA/dvwa/images/lock.png"", ""remoteIP"":""91.195.99.178"", ""host"":""ec2-18-116-12-178.us-east-2.compute.amazonaws.com"", ""request"":""/dvwa/images/lock.png"", ""query"":"""",""method"":""GET"", ""status"":""200"", ""userAgent"":""Mozilla/5.0 (X11; Linux x86_64) AppleWebKit/537.36 (KHTML, like Gecko) Chrome/89.0.4389.114 Safari/537.36"",""referer"":""http://ec2-18-116-12-178.us-east-2.compute.amazonaws.com/security.php""}"
1618843218594,"{ ""time"":""2021-04-19T14:40:18.389Z"", ""process"":""499"", ""filename"":""/var/www/html/DVWA/security.php"", ""remoteIP"":""91.195.99.178"", ""host"":""ec2-18-116-12-178.us-east-2.compute.amazonaws.com"", ""request"":""/security.php"", ""query"":"""",""method"":""POST"", ""status"":""302"", ""userAgent"":""Mozilla/5.0 (X11; Linux x86_64) AppleWebKit/537.36 (KHTML, like Gecko) Chrome/89.0.4389.114 Safari/537.36"",""referer"":""http://ec2-18-116-12-178.us-east-2.compute.amazonaws.com/security.php""}"
1618843221846,"{ ""time"":""2021-04-19T14:40:18.581Z"", ""process"":""920"", ""filename"":""/var/www/html/DVWA/security.php"", ""remoteIP"":""91.195.99.178"", ""host"":""ec2-18-116-12-178.us-east-2.compute.amazonaws.com"", ""request"":""/security.php"", ""query"":"""",""method"":""GET"", ""status"":""200"", ""userAgent"":""Mozilla/5.0 (X11; Linux x86_64) AppleWebKit/537.36 (KHTML, like Gecko) Chrome/89.0.4389.114 Safari/537.36"",""referer"":""http://ec2-18-116-12-178.us-east-2.compute.amazonaws.com/security.php""}"
1618843226186,"{ ""time"":""2021-04-19T14:40:21.622Z"", ""process"":""1577"", ""filename"":""/var/www/html/DVWA/vulnerabilities/javascript/index.php"", ""remoteIP"":""91.195.99.178"", ""host"":""ec2-18-116-12-178.us-east-2.compute.amazonaws.com"", ""request"":""/vulnerabilities/javascript/index.php"", ""query"":"""",""method"":""GET"", ""status"":""200"", ""userAgent"":""Mozilla/5.0 (X11; Linux x86_64) AppleWebKit/537.36 (KHTML, like Gecko) Chrome/89.0.4389.114 Safari/537.36"",""referer"":""http://ec2-18-116-12-178.us-east-2.compute.amazonaws.com/security.php""}"
1618843226889,"{ ""time"":""2021-04-19T14:40:26.491Z"", ""process"":""1798"", ""filename"":""/var/www/html/DVWA/vulnerabilities/javascript/index.php"", ""remoteIP"":""91.195.99.178"", ""host"":""ec2-18-116-12-178.us-east-2.compute.amazonaws.com"", ""request"":""/vulnerabilities/javascript/index.php"", ""query"":"""",""method"":""GET"", ""status"":""200"", ""userAgent"":""Mozilla/5.0 (X11; Linux x86_64) AppleWebKit/537.36 (KHTML, like Gecko) Chrome/89.0.4389.114 Safari/537.36"",""referer"":""http://ec2-18-116-12-178.us-east-2.compute.amazonaws.com/security.php""}"
1618843231186,"{ ""time"":""2021-04-19T14:40:26.752Z"", ""process"":""207"", ""filename"":""/var/www/html/DVWA/favicon.ico"", ""remoteIP"":""91.195.99.178"", ""host"":""ec2-18-116-12-178.us-east-2.compute.amazonaws.com"", ""request"":""/favicon.ico"", ""query"":"""",""method"":""GET"", ""status"":""200"", ""userAgent"":""Mozilla/5.0 (X11; Linux x86_64) AppleWebKit/537.36 (KHTML, like Gecko) Chrome/89.0.4389.114 Safari/537.36"",""referer"":""http://ec2-18-116-12-178.us-east-2.compute.amazonaws.com/vulnerabilities/javascript/""}"
1618843233855,"{ ""time"":""2021-04-19T14:40:33.423Z"", ""process"":""847"", ""filename"":""/var/www/html/DVWA/setup.php"", ""remoteIP"":""91.195.99.178"", ""host"":""ec2-18-116-12-178.us-east-2.compute.amazonaws.com"", ""request"":""/setup.php"", ""query"":"""",""method"":""GET"", ""status"":""200"", ""userAgent"":""Mozilla/5.0 (X11; Linux x86_64) AppleWebKit/537.36 (KHTML, like Gecko) Chrome/89.0.4389.114 Safari/537.36"",""referer"":""http://ec2-18-116-12-178.us-east-2.compute.amazonaws.com/vulnerabilities/javascript/""}"
1618843237858,"{ ""time"":""2021-04-19T14:40:33.688Z"", ""process"":""1708"", ""filename"":""/var/www/html/DVWA/dvwa/images/spanner.png"", ""remoteIP"":""91.195.99.178"", ""host"":""ec2-18-116-12-178.us-east-2.compute.amazonaws.com"", ""request"":""/dvwa/images/spanner.png"", ""query"":"""",""method"":""GET"", ""status"":""200"", ""userAgent"":""Mozilla/5.0 (X11; Linux x86_64) AppleWebKit/537.36 (KHTML, like Gecko) Chrome/89.0.4389.114 Safari/537.36"",""referer"":""http://ec2-18-116-12-178.us-east-2.compute.amazonaws.com/setup.php""}"
1618843242186,"{ ""time"":""2021-04-19T14:40:37.776Z"", ""process"":""1463"", ""filename"":""/var/www/html/DVWA/vulnerabilities/javascript/index.php"", ""remoteIP"":""91.195.99.178"", ""host"":""ec2-18-116-12-178.us-east-2.compute.amazonaws.com"", ""request"":""/vulnerabilities/javascript/index.php"", ""query"":"""",""method"":""GET"", ""status"":""200"", ""userAgent"":""Mozilla/5.0 (X11; Linux x86_64) AppleWebKit/537.36 (KHTML, like Gecko) Chrome/89.0.4389.114 Safari/537.36"",""referer"":""http://ec2-18-116-12-178.us-east-2.compute.amazonaws.com/setup.php""}"
1618843250867,"{ ""time"":""2021-04-19T14:40:47.751Z"", ""process"":""856"", ""filename"":""/var/www/html/DVWA/security.php"", ""remoteIP"":""91.195.99.178"", ""host"":""ec2-18-116-12-178.us-east-2.compute.amazonaws.com"", ""request"":""/security.php"", ""query"":"""",""method"":""GET"", ""status"":""200"", ""userAgent"":""Mozilla/5.0 (X11; Linux x86_64) AppleWebKit/537.36 (KHTML, like Gecko) Chrome/89.0.4389.114 Safari/537.36"",""referer"":""http://ec2-18-116-12-178.us-east-2.compute.amazonaws.com/vulnerabilities/javascript/""}"
1618843251117,"{ ""time"":""2021-04-19T14:40:50.671Z"", ""process"":""490"", ""filename"":""/var/www/html/DVWA/security.php"", ""remoteIP"":""91.195.99.178"", ""host"":""ec2-18-116-12-178.us-east-2.compute.amazonaws.com"", ""request"":""/security.php"", ""query"":"""",""method"":""POST"", ""status"":""302"", ""userAgent"":""Mozilla/5.0 (X11; Linux x86_64) AppleWebKit/537.36 (KHTML, like Gecko) Chrome/89.0.4389.114 Safari/537.36"",""referer"":""http://ec2-18-116-12-178.us-east-2.compute.amazonaws.com/security.php""}"
1618843252868,"{ ""time"":""2021-04-19T14:40:50.871Z"", ""process"":""944"", ""filename"":""/var/www/html/DVWA/security.php"", ""remoteIP"":""91.195.99.178"", ""host"":""ec2-18-116-12-178.us-east-2.compute.amazonaws.com"", ""request"":""/security.php"", ""query"":"""",""method"":""GET"", ""status"":""200"", ""userAgent"":""Mozilla/5.0 (X11; Linux x86_64) AppleWebKit/537.36 (KHTML, like Gecko) Chrome/89.0.4389.114 Safari/537.36"",""referer"":""http://ec2-18-116-12-178.us-east-2.compute.amazonaws.com/security.php""}"
1618843254369,"{ ""time"":""2021-04-19T14:40:52.699Z"", ""process"":""6197"", ""filename"":""/var/www/html/DVWA/vulnerabilities/csp/index.php"", ""remoteIP"":""91.195.99.178"", ""host"":""ec2-18-116-12-178.us-east-2.compute.amazonaws.com"", ""request"":""/vulnerabilities/csp/index.php"", ""query"":"""",""method"":""GET"", ""status"":""200"", ""userAgent"":""Mozilla/5.0 (X11; Linux x86_64) AppleWebKit/537.36 (KHTML, like Gecko) Chrome/89.0.4389.114 Safari/537.36"",""referer"":""http://ec2-18-116-12-178.us-east-2.compute.amazonaws.com/security.php""}"
1618843259186,"{ ""time"":""2021-04-19T14:40:54.179Z"", ""process"":""1496"", ""filename"":""/var/www/html/DVWA/vulnerabilities/javascript/index.php"", ""remoteIP"":""91.195.99.178"", ""host"":""ec2-18-116-12-178.us-east-2.compute.amazonaws.com"", ""request"":""/vulnerabilities/javascript/index.php"", ""query"":"""",""method"":""GET"", ""status"":""200"", ""userAgent"":""Mozilla/5.0 (X11; Linux x86_64) AppleWebKit/537.36 (KHTML, like Gecko) Chrome/89.0.4389.114 Safari/537.36"",""referer"":""http://ec2-18-116-12-178.us-east-2.compute.amazonaws.com/vulnerabilities/csp/""}"
1618843264627,"{ ""time"":""2021-04-19T14:41:02.506Z"", ""process"":""4474"", ""filename"":""/var/www/html/DVWA/vulnerabilities/xss_r/index.php"", ""remoteIP"":""91.195.99.178"", ""host"":""ec2-18-116-12-178.us-east-2.compute.amazonaws.com"", ""request"":""/vulnerabilities/xss_r/index.php"", ""query"":"""",""method"":""GET"", ""status"":""200"", ""userAgent"":""Mozilla/5.0 (X11; Linux x86_64) AppleWebKit/537.36 (KHTML, like Gecko) Chrome/89.0.4389.114 Safari/537.36"",""referer"":""http://ec2-18-116-12-178.us-east-2.compute.amazonaws.com/vulnerabilities/javascript/""}"
1618843269186,"{ ""time"":""2021-04-19T14:41:04.623Z"", ""process"":""1554"", ""filename"":""/var/www/html/DVWA/vulnerabilities/sqli/index.php"", ""remoteIP"":""91.195.99.178"", ""host"":""ec2-18-116-12-178.us-east-2.compute.amazonaws.com"", ""request"":""/vulnerabilities/sqli/index.php"", ""query"":"""",""method"":""GET"", ""status"":""200"", ""userAgent"":""Mozilla/5.0 (X11; Linux x86_64) AppleWebKit/537.36 (KHTML, like Gecko) Chrome/89.0.4389.114 Safari/537.36"",""referer"":""http://ec2-18-116-12-178.us-east-2.compute.amazonaws.com/vulnerabilities/xss_r/""}"
1618843276186,"{ ""time"":""2021-04-19T14:41:11.356Z"", ""process"":""1793"", ""filename"":""/var/www/html/DVWA/vulnerabilities/sqli/index.php"", ""remoteIP"":""91.195.99.178"", ""host"":""ec2-18-116-12-178.us-east-2.compute.amazonaws.com"", ""request"":""/vulnerabilities/sqli/index.php"", ""query"":""?id=1&Submit=Submit"",""method"":""GET"", ""status"":""200"", ""userAgent"":""Mozilla/5.0 (X11; Linux x86_64) AppleWebKit/537.36 (KHTML, like Gecko) Chrome/89.0.4389.114 Safari/537.36"",""referer"":""http://ec2-18-116-12-178.us-east-2.compute.amazonaws.com/vulnerabilities/sqli/""}"
1618843627883,"{ ""time"":""2021-04-19T14:47:07.438Z"", ""process"":""1633"", ""filename"":""/var/www/html/DVWA/vulnerabilities/sqli/index.php"", ""remoteIP"":""91.195.99.178"", ""host"":""ec2-18-116-12-178.us-east-2.compute.amazonaws.com"", ""request"":""/vulnerabilities/sqli/index.php"", ""query"":""?id=1&Submit=Submit"",""method"":""GET"", ""status"":""200"", ""userAgent"":""Mozilla/5.0 (X11; Linux x86_64) AppleWebKit/537.36 (KHTML, like Gecko) Chrome/89.0.4389.114 Safari/537.36"",""referer"":""-""}"
1618843632186,"{ ""time"":""2021-04-19T14:47:07.726Z"", ""process"":""226"", ""filename"":""/var/www/html/DVWA/favicon.ico"", ""remoteIP"":""91.195.99.178"", ""host"":""ec2-18-116-12-178.us-east-2.compute.amazonaws.com"", ""request"":""/favicon.ico"", ""query"":"""",""method"":""GET"", ""status"":""200"", ""userAgent"":""Mozilla/5.0 (X11; Linux x86_64) AppleWebKit/537.36 (KHTML, like Gecko) Chrome/89.0.4389.114 Safari/537.36"",""referer"":""http://ec2-18-116-12-178.us-east-2.compute.amazonaws.com/vulnerabilities/sqli/?id=1&Submit=Submit""}"
1618843668409,"{ ""time"":""2021-04-19T14:47:48.034Z"", ""process"":""1543"", ""filename"":""/var/www/html/DVWA/vulnerabilities/sqli/index.php"", ""remoteIP"":""91.195.99.178"", ""host"":""ec2-18-116-12-178.us-east-2.compute.amazonaws.com"", ""request"":""/vulnerabilities/sqli/index.php"", ""query"":""?id=1&Submit=Submit"",""method"":""GET"", ""status"":""200"", ""userAgent"":""Mozilla/5.0 (X11; Linux x86_64) AppleWebKit/537.36 (KHTML, like Gecko) Chrome/89.0.4389.114 Safari/537.36"",""referer"":""-""}"
1618843673186,"{ ""time"":""2021-04-19T14:47:48.292Z"", ""process"":""223"", ""filename"":""/var/www/html/DVWA/favicon.ico"", ""remoteIP"":""91.195.99.178"", ""host"":""ec2-18-116-12-178.us-east-2.compute.amazonaws.com"", ""request"":""/favicon.ico"", ""query"":"""",""method"":""GET"", ""status"":""200"", ""userAgent"":""Mozilla/5.0 (X11; Linux x86_64) AppleWebKit/537.36 (KHTML, like Gecko) Chrome/89.0.4389.114 Safari/537.36"",""referer"":""http://ec2-18-116-12-178.us-east-2.compute.amazonaws.com/vulnerabilities/sqli/?id=1&Submit=Submit""}"
1618843706934,"{ ""time"":""2021-04-19T14:48:26.651Z"", ""process"":""1623"", ""filename"":""/var/www/html/DVWA/vulnerabilities/sqli/index.php"", ""remoteIP"":""91.195.99.178"", ""host"":""ec2-18-116-12-178.us-east-2.compute.amazonaws.com"", ""request"":""/vulnerabilities/sqli/index.php"", ""query"":""?id=1&Submit=Submit"",""method"":""GET"", ""status"":""200"", ""userAgent"":""Mozilla/5.0 (X11; Linux x86_64) AppleWebKit/537.36 (KHTML, like Gecko) Chrome/89.0.4389.114 Safari/537.36"",""referer"":""-""}"
1618843711186,"{ ""time"":""2021-04-19T14:48:26.903Z"", ""process"":""203"", ""filename"":""/var/www/html/DVWA/favicon.ico"", ""remoteIP"":""91.195.99.178"", ""host"":""ec2-18-116-12-178.us-east-2.compute.amazonaws.com"", ""request"":""/favicon.ico"", ""query"":"""",""method"":""GET"", ""status"":""200"", ""userAgent"":""Mozilla/5.0 (X11; Linux x86_64) AppleWebKit/537.36 (KHTML, like Gecko) Chrome/89.0.4389.114 Safari/537.36"",""referer"":""http://ec2-18-116-12-178.us-east-2.compute.amazonaws.com/vulnerabilities/sqli/?id=1&Submit=Submit""}"
1618843735953,"{ ""time"":""2021-04-19T14:48:55.647Z"", ""process"":""7809"", ""filename"":""/var/www/html/DVWA/vulnerabilities/sqli/index.php"", ""remoteIP"":""91.195.99.178"", ""host"":""ec2-18-116-12-178.us-east-2.compute.amazonaws.com"", ""request"":""/vulnerabilities/sqli/index.php"", ""query"":""?id=1&Submit=Submit"",""method"":""GET"", ""status"":""200"", ""userAgent"":""Mozilla/5.0 (X11; Linux x86_64) AppleWebKit/537.36 (KHTML, like Gecko) Chrome/89.0.4389.114 Safari/537.36"",""referer"":""-""}"
1618843740189,"{ ""time"":""2021-04-19T14:48:55.915Z"", ""process"":""223"", ""filename"":""/var/www/html/DVWA/favicon.ico"", ""remoteIP"":""91.195.99.178"", ""host"":""ec2-18-116-12-178.us-east-2.compute.amazonaws.com"", ""request"":""/favicon.ico"", ""query"":"""",""method"":""GET"", ""status"":""200"", ""userAgent"":""Mozilla/5.0 (X11; Linux x86_64) AppleWebKit/537.36 (KHTML, like Gecko) Chrome/89.0.4389.114 Safari/537.36"",""referer"":""http://ec2-18-116-12-178.us-east-2.compute.amazonaws.com/vulnerabilities/sqli/?id=1&Submit=Submit""}"
1618843771186,"{ ""time"":""2021-04-19T14:49:26.037Z"", ""process"":""2485"", ""filename"":""/var/www/html/DVWA/vulnerabilities/sqli/index.php"", ""remoteIP"":""91.195.99.178"", ""host"":""ec2-18-116-12-178.us-east-2.compute.amazonaws.com"", ""request"":""/vulnerabilities/sqli/index.php"", ""query"":""?id=1%27&Submit=Submit"",""method"":""GET"", ""status"":""200"", ""userAgent"":""Mozilla/5.0 (X11; Linux x86_64) AppleWebKit/537.36 (KHTML, like Gecko) Chrome/89.0.4389.114 Safari/537.36"",""referer"":""http://ec2-18-116-12-178.us-east-2.compute.amazonaws.com/vulnerabilities/sqli/?id=1&Submit=Submit""}"